,Observed,SRC-IP,DST-IP,SRC-PORT,DST-PORT,FRAME-TYPE,PROTOCOL,SRC-COUNTRY,DST-COUNTRY,DAY,WK-END,NIGHT,AVG-PCK
0,1304,192.168.1.3,239.255.255.250,-1.0,1900,1,-2.0,5,8,0,1,0,0.1
1,1053,192.168.1.3,173.194.68.189,-1.0,443,1,-2.0,5,1,0,1,0,0.06
2,1001,192.168.1.3,172.217.197.189,-1.0,443,1,-2.0,5,7,0,1,0,0.06
3,712,192.168.1.5,34.216.198.143,-1.0,443,1,-1.0,5,1,0,1,0,0.06
4,585,34.216.198.143,192.168.1.5,443,-1.0,1,-1.0,1,7,0,1,0,0.09
5,578,192.168.1.3,162.125.19.131,-1.0,443,1,-1.0,5,1,0,1,0,12.54
6,559,192.168.1.5,52.41.252.192,-1.0,443,1,-1.0,5,1,0,1,0,0.1
7,543,192.168.1.5,44.237.173.75,-1.0,443,1,-1.0,5,1,0,1,0,0.07
8,506,192.168.1.5,52.42.151.74,-1.0,443,1,-1.0,5,1,0,1,0,0.08
9,447,52.41.252.192,192.168.1.5,443,-1.0,1,-1.0,1,7,0,1,0,1.42
10,430,44.237.173.75,192.168.1.5,443,-1.0,1,-1.0,1,7,0,1,0,0.12
11,412,192.168.1.7,192.168.1.3,80,-1.0,1,-1.0,5,7,0,1,0,0.1
12,408,192.168.1.5,34.210.121.31,-1.0,443,1,-1.0,5,1,0,1,0,0.1
13,401,52.42.151.74,192.168.1.5,443,-1.0,1,-1.0,1,7,0,1,0,0.13
14,397,192.168.1.3,104.26.15.86,-1.0,443,1,-1.0,5,1,0,1,0,0.1
15,378,192.168.1.5,192.168.1.1,-1.0,53,1,-2.0,5,7,0,1,0,0.22
16,374,192.168.1.1,192.168.1.5,53,-1.0,1,-2.0,5,7,0,1,0,0.23
17,353,192.168.1.3,52.25.57.149,-1.0,1194,1,-2.0,5,1,0,1,0,0.19
18,338,192.168.1.5,44.238.41.205,-1.0,443,1,-1.0,5,1,0,1,0,0.12
19,330,34.210.121.31,192.168.1.5,443,-1.0,1,-1.0,1,7,0,1,0,0.16
20,269,44.238.41.205,192.168.1.5,443,-1.0,1,-1.0,1,7,0,1,0,0.19
21,259,192.168.1.3,192.168.1.7,-1.0,80,1,-1.0,5,7,0,1,0,0.16
22,203,192.168.1.3,192.168.1.1,-1.0,53,1,-2.0,5,7,0,1,0,0.32
23,180,192.168.1.36,192.168.1.31,,,2,,5,7,0,1,0,0.0
24,177,192.168.1.3,162.125.19.130,-1.0,443,1,-1.0,5,1,0,1,0,0.23
25,173,192.168.1.3,72.52.169.62,-1.0,995,1,-1.0,5,1,0,1,0,0.23
26,170,192.168.1.3,64.233.177.189,-1.0,443,1,-2.0,5,1,0,1,0,0.36
27,140,192.168.1.3,52.177.165.30,-1.0,443,1,-1.0,5,1,0,1,0,0.29
28,124,192.168.1.3,52.177.165.30,24389,443,1,-1.0,5,1,0,1,0,0.33
29,119,192.168.1.3,192.168.1.255,17500,17500,1,-3.0,5,7,0,1,0,2.47
30,118,192.168.1.16,255.255.255.255,17500,17500,1,-3.0,5,9,0,1,0,2.49
31,118,192.168.1.16,192.168.1.255,17500,17500,1,-3.0,5,7,0,1,0,2.49
32,116,192.168.1.3,108.177.122.94,-1.0,443,1,-2.0,5,1,0,1,0,0.53
33,106,192.168.1.3,216.58.194.238,-1.0,443,1,-2.0,5,1,0,1,0,0.58
34,103,192.168.1.3,64.233.177.102,-1.0,443,1,-2.0,5,1,0,1,0,0.39
35,96,192.168.1.3,192.168.1.255,-1.0,22936,1,-3.0,5,7,0,1,0,0.63
36,92,192.168.1.5,192.168.1.1,,,2,,5,7,0,1,0,0.0
37,92,192.168.1.1,192.168.1.5,,,2,,5,7,0,1,0,0.0
38,90,192.168.1.1,239.255.255.250,-1.0,1900,1,-2.0,5,8,0,1,0,5.95
39,83,192.168.1.3,173.194.219.188,25657,5228,1,-1.0,5,1,0,1,0,0.5
40,78,192.168.1.3,162.125.6.19,-1.0,443,1,-1.0,5,1,0,1,0,0.52
41,75,192.168.1.5,18.236.149.136,-1.0,80,1,-1.0,5,1,0,1,0,0.7
42,72,192.168.1.3,172.217.10.174,-1.0,443,1,-2.0,5,7,0,1,0,0.58
43,63,192.168.1.3,162.125.6.13,-1.0,443,1,-1.0,5,1,0,1,0,0.65
44,63,18.236.149.136,192.168.1.5,80,-1.0,1,-1.0,1,7,0,1,0,0.84
45,59,192.168.1.3,64.233.185.94,-1.0,443,1,-2.0,5,1,0,1,0,1.05
46,54,192.168.1.3,162.125.6.17,-1.0,443,1,-1.0,5,1,0,1,0,0.77
47,52,192.168.1.3,52.143.84.45,-1.0,443,1,-1.0,5,1,0,1,0,0.79
48,51,192.168.1.3,204.79.197.219,-1.0,443,1,-1.0,5,1,0,1,0,0.82
49,51,192.168.1.3,52.114.77.33,-1.0,443,1,-1.0,5,2,0,1,0,0.8
50,50,192.168.1.3,52.167.249.196,-1.0,443,1,-1.0,5,1,0,1,0,0.82
51,48,192.168.1.3,142.250.105.94,-1.0,443,1,-2.0,5,1,0,1,0,1.3
52,47,192.168.1.3,67.227.186.229,-1.0,80,1,-1.0,5,1,0,1,0,0.87
53,47,192.168.1.3,74.125.21.83,-1.0,443,1,-1.0,5,1,0,1,0,0.87
54,45,192.168.1.5,52.46.155.182,-1.0,443,1,-1.0,5,1,0,1,0,2.34
55,45,192.168.1.16,255.255.255.255,-1.0,22936,1,-3.0,5,9,0,1,0,1.36
56,44,192.168.1.5,95.173.136.168,-1.0,80,1,-1.0,5,3,0,1,0,1.21
57,44,192.168.1.3,162.125.19.9,-1.0,443,1,-1.0,5,1,0,1,0,3.99
58,42,192.168.1.3,239.255.255.250,-1.0,3702,1,-2.0,5,8,0,1,0,16.69
59,41,95.173.136.168,192.168.1.5,80,-1.0,1,-1.0,3,7,0,1,0,1.3
60,39,192.168.1.3,142.250.9.94,-1.0,443,1,-2.0,5,1,0,1,0,1.61
61,37,192.168.1.3,142.250.9.83,-1.0,443,1,-1.0,5,1,0,1,0,1.11
62,35,192.168.1.3,74.125.21.18,-1.0,443,1,-1.0,5,1,0,1,0,1.18
63,34,52.46.155.182,192.168.1.5,443,-1.0,1,-1.0,1,7,0,1,0,17.32
64,34,192.168.1.3,52.239.184.42,-1.0,443,1,-1.0,5,1,0,1,0,1.32
65,32,192.168.1.3,64.233.177.113,-1.0,443,1,-2.0,5,1,0,1,0,1.97
66,31,192.168.1.3,13.68.247.210,-1.0,443,1,-1.0,5,1,0,1,0,1.4
67,31,192.168.1.3,142.250.9.95,-1.0,443,1,-2.0,5,1,0,1,0,1.37
68,31,192.168.1.3,64.233.177.95,-1.0,443,1,-2.0,5,1,0,1,0,2.04
69,31,192.168.1.3,74.125.21.95,-1.0,443,1,-2.0,5,1,0,1,0,1.33
70,30,192.168.1.3,64.233.185.113,-1.0,443,1,-2.0,5,1,0,1,0,2.11
71,30,192.168.1.3,172.217.215.94,-1.0,443,1,-2.0,5,7,0,1,0,2.11
72,29,192.168.1.3,64.233.185.95,-1.0,443,1,-2.0,5,1,0,1,0,2.18
73,29,192.168.1.3,142.250.105.101,-1.0,443,1,-2.0,5,1,0,1,0,2.69
74,29,192.168.1.3,64.233.177.19,-1.0,443,1,-1.0,5,1,0,1,0,1.43
75,28,192.168.1.3,172.217.165.37,-1.0,443,1,-1.0,5,7,0,1,0,1.48
76,28,192.168.1.3,52.119.162.43,-1.0,443,1,-1.0,5,1,0,1,0,1.49
77,28,192.168.1.3,52.177.166.224,-1.0,443,1,-1.0,5,1,0,1,0,1.54
78,28,192.168.1.3,64.233.177.83,-1.0,443,1,-1.0,5,1,0,1,0,1.48
79,28,192.168.1.3,108.177.122.139,-1.0,443,1,-2.0,5,1,0,1,0,2.8
80,27,192.168.1.3,64.233.177.17,-1.0,443,1,-1.0,5,1,0,1,0,1.54
81,27,99.84.104.9,192.168.1.5,443,-1.0,1,-1.0,1,7,0,1,0,4.08
82,27,192.168.1.5,34.202.254.70,-1.0,443,1,-1.0,5,1,0,1,0,3.77
83,27,192.168.1.3,108.177.122.113,-1.0,443,1,-2.0,5,1,0,1,0,1.54
84,26,192.168.1.3,52.114.133.61,-1.0,443,1,-1.0,5,1,0,1,0,1.61
85,26,192.168.1.5,99.84.216.94,-1.0,80,1,-1.0,5,1,0,1,0,2.08
86,26,192.168.1.3,64.233.177.94,-1.0,443,1,-2.0,5,1,0,1,0,2.45
87,26,192.168.1.3,104.84.231.113,-1.0,80,1,-1.0,5,1,0,1,0,1.6
88,26,99.84.216.94,192.168.1.5,80,-1.0,1,-1.0,1,7,0,1,0,2.08
89,25,192.168.1.3,52.114.128.69,-1.0,443,1,-1.0,5,1,0,1,0,1.67
90,25,192.168.1.5,72.21.91.29,-1.0,80,1,-1.0,5,1,0,1,0,2.17
91,25,192.168.1.5,99.84.104.9,-1.0,443,1,-1.0,5,1,0,1,0,3.73
92,24,192.168.1.3,13.73.26.107,-1.0,443,1,-1.0,5,4,0,1,0,1.75
93,24,192.168.1.5,52.95.118.235,-1.0,443,1,-1.0,5,2,0,1,0,2.24
94,24,192.168.1.3,162.125.8.20,-1.0,443,1,-1.0,5,1,0,1,0,1.8
95,24,192.168.1.3,72.52.161.233,-1.0,80,1,-1.0,5,1,0,1,0,1.74
96,24,192.168.1.3,52.119.165.36,-1.0,443,1,-1.0,5,1,0,1,0,1.78
97,23,52.95.118.235,192.168.1.5,443,-1.0,1,-1.0,2,7,0,1,0,1.82
98,23,192.168.1.3,255.255.255.255,-1.0,22936,1,-3.0,5,9,0,1,0,2.73
99,23,192.168.1.5,35.244.247.133,-1.0,443,1,-1.0,5,1,0,1,0,2.44
100,22,192.168.1.3,162.125.6.20,-1.0,443,1,-1.0,5,1,0,1,0,1.98
101,22,192.168.1.3,74.125.196.139,-1.0,443,1,-2.0,5,1,0,1,0,2.96
102,21,72.21.91.29,192.168.1.5,80,-1.0,1,-1.0,1,7,0,1,0,2.61
103,21,192.168.1.5,52.46.150.229,-1.0,443,1,-1.0,5,1,0,1,0,2.01
104,21,192.168.1.3,13.107.42.12,-1.0,443,1,-1.0,5,1,0,1,0,5.1
105,21,192.168.1.3,52.162.219.173,-1.0,443,1,-1.0,5,1,0,1,0,2.08
106,20,192.168.1.5,52.85.86.116,-1.0,443,1,-1.0,5,1,0,1,0,2.75
107,19,192.168.1.16,224.0.0.251,5353,5353,1,-2.0,5,7,0,1,0,21.69
108,19,192.168.1.3,172.253.124.94,-1.0,443,1,-2.0,5,7,0,1,0,3.42
109,19,192.168.1.3,37.156.185.151,1608,80,1,-1.0,5,1,0,1,0,2.29
110,19,52.85.86.116,192.168.1.5,443,-1.0,1,-1.0,1,7,0,1,0,2.9
111,18,34.202.254.70,192.168.1.5,443,-1.0,1,-1.0,1,7,0,1,0,13.89
112,18,35.244.247.133,192.168.1.5,443,-1.0,1,-1.0,1,7,0,1,0,3.11
113,18,192.168.1.3,52.170.57.27,-1.0,443,1,-1.0,5,1,0,1,0,6.96
114,18,192.168.1.3,108.177.122.100,-1.0,443,1,-2.0,5,1,0,1,0,4.98
115,17,192.168.1.5,68.67.161.182,-1.0,443,1,-1.0,5,1,0,1,0,3.27
116,17,192.168.1.3,52.109.8.20,-1.0,443,1,-1.0,5,1,0,1,0,5.11
117,16,192.168.1.5,99.84.221.97,-1.0,443,1,-1.0,5,1,0,1,0,3.49
118,15,192.168.1.3,192.168.86.49,-1.0,7680,1,-1.0,5,7,0,1,0,3.74
119,15,192.168.1.3,224.0.0.251,5353,5353,1,-2.0,5,7,0,1,0,4.02
120,15,99.84.221.97,192.168.1.5,443,-1.0,1,-1.0,1,7,0,1,0,3.74
121,15,192.168.1.3,52.167.250.154,-1.0,443,1,-1.0,5,1,0,1,0,2.87
122,14,192.168.1.5,95.173.136.172,-1.0,80,1,-1.0,5,3,0,1,0,4.03
123,14,192.168.1.5,23.195.109.6,-1.0,443,1,-1.0,5,1,0,1,0,4.03
124,13,192.168.1.3,20.190.152.22,-1.0,443,1,-1.0,5,1,0,1,0,3.41
125,13,192.168.1.3,52.114.128.9,-1.0,443,1,-1.0,5,1,0,1,0,4.41
126,13,192.168.1.3,13.107.42.23,-1.0,443,1,-1.0,5,1,0,1,0,3.44
127,13,68.67.161.182,192.168.1.5,443,-1.0,1,-1.0,1,7,0,1,0,3.37
128,13,192.168.1.3,52.119.168.237,-1.0,443,1,-1.0,5,1,0,1,0,3.39
129,13,192.168.1.3,52.119.162.196,-1.0,443,1,-1.0,5,1,0,1,0,3.64
130,13,192.168.1.3,23.220.188.132,-1.0,443,1,-1.0,5,1,0,1,0,3.44
131,12,52.94.210.112,192.168.1.5,443,-1.0,1,-1.0,1,7,0,1,0,3.67
132,12,54.239.36.249,192.168.1.5,443,-1.0,1,-1.0,2,7,0,1,0,3.67
133,12,192.168.1.3,104.94.112.17,-1.0,80,1,-1.0,5,1,0,1,0,3.69
134,12,192.168.1.3,13.107.21.200,-1.0,443,1,-1.0,5,1,0,1,0,3.77
135,12,192.168.1.3,23.220.189.69,-1.0,80,1,-1.0,5,1,0,1,0,3.69
136,11,192.168.1.3,20.36.252.129,-1.0,443,1,-1.0,5,1,0,1,0,4.09
137,11,192.168.1.3,23.220.188.58,-1.0,443,1,-1.0,5,1,0,1,0,6.87
138,11,192.168.1.3,52.114.77.164,-1.0,443,1,-1.0,5,2,0,1,0,4.23
139,11,192.168.1.3,216.239.32.116,-1.0,443,1,-2.0,5,1,0,1,0,6.66
140,11,192.168.1.5,52.45.33.138,-1.0,443,1,-1.0,5,1,0,1,0,5.28
141,11,192.168.1.5,34.192.207.8,-1.0,443,1,-1.0,5,1,0,1,0,5.26
142,11,192.168.1.3,52.114.132.73,-1.0,443,1,-1.0,5,1,0,1,0,6.59
143,11,192.168.1.3,40.112.72.19,-1.0,443,1,-1.0,5,2,0,1,0,4.23
144,11,104.70.71.52,192.168.1.5,443,-1.0,1,-1.0,1,7,0,1,0,4.05
145,10,192.168.1.3,172.217.0.74,-1.0,443,1,-2.0,5,7,0,1,0,6.91
146,10,192.168.1.3,52.98.94.210,-1.0,443,1,-1.0,5,4,0,1,0,4.91
147,10,192.168.1.3,142.250.105.95,-1.0,443,1,-2.0,5,1,0,1,0,6.91
148,10,52.94.208.72,192.168.1.5,443,-1.0,1,-1.0,1,7,0,1,0,4.51
149,10,192.168.1.5,34.107.221.82,-1.0,80,1,-1.0,5,1,0,1,0,5.86
150,10,192.168.1.3,23.203.48.11,-1.0,443,1,-1.0,5,1,0,1,0,4.56
151,10,52.45.33.138,192.168.1.5,443,-1.0,1,-1.0,1,7,0,1,0,4.69
152,10,192.168.1.3,23.203.48.66,-1.0,443,1,-1.0,5,1,0,1,0,4.56
153,10,185.167.164.51,192.168.1.5,443,-1.0,1,-1.0,1,7,0,1,0,31.91
154,10,192.168.1.3,162.125.7.20,-1.0,443,1,-1.0,5,1,0,1,0,4.93
155,10,192.168.1.3,13.107.6.163,-1.0,443,1,-1.0,5,1,0,1,0,5.17
156,10,192.168.1.3,13.107.18.11,-1.0,443,1,-1.0,5,1,0,1,0,4.6
157,10,23.195.109.6,192.168.1.5,443,-1.0,1,-1.0,1,7,0,1,0,5.86
158,10,192.168.1.3,40.97.28.114,-1.0,443,1,-1.0,5,1,0,1,0,4.9
159,9,192.168.1.3,64.233.177.138,-1.0,443,1,-2.0,5,1,0,1,0,7.97
160,9,192.168.1.5,192.124.249.24,-1.0,80,1,-1.0,5,7,0,1,0,6.63
161,9,192.168.1.5,13.249.32.104,-1.0,443,1,-1.0,5,1,0,1,0,11.58
162,9,192.124.249.24,192.168.1.5,80,-1.0,1,-1.0,5,7,0,1,0,6.63
163,9,192.168.1.3,52.109.8.19,-1.0,443,1,-1.0,5,1,0,1,0,5.35
164,9,52.46.129.152,192.168.1.5,443,-1.0,1,-1.0,1,7,0,1,0,6.08
165,9,192.168.1.5,192.35.249.120,-1.0,443,1,-1.0,5,7,0,1,0,6.63
166,9,192.168.1.5,52.46.129.152,-1.0,443,1,-1.0,5,1,0,1,0,8.57
167,9,192.168.1.3,74.125.21.94,-1.0,443,1,-2.0,5,1,0,1,0,7.91
168,9,192.168.1.5,87.238.81.156,-1.0,80,1,-1.0,5,2,0,1,0,9.65
169,9,192.168.1.3,40.122.160.14,-1.0,443,1,-1.0,5,1,0,1,0,7.16
170,9,192.168.1.3,192.168.1.255,138,138,1,-3.0,5,7,0,1,0,29.36
171,9,192.168.1.3,74.125.138.147,-1.0,443,1,-2.0,5,1,0,1,0,8.02
172,8,192.168.1.3,64.233.177.139,-1.0,443,1,-2.0,5,1,0,1,0,9.08
173,8,192.168.1.5,52.94.210.112,-1.0,443,1,-1.0,5,1,0,1,0,6.01
174,8,192.168.1.5,54.240.249.126,-1.0,443,1,-1.0,5,1,0,1,0,5.91
175,8,192.168.1.5,104.36.115.111,-1.0,443,1,-1.0,5,1,0,1,0,13.52
176,8,192.168.1.5,35.211.114.141,-1.0,443,1,-1.0,5,1,0,1,0,7.63
177,8,34.192.186.28,192.168.1.5,443,-1.0,1,-1.0,1,7,0,1,0,19.47
178,8,192.168.1.5,104.16.68.69,-1.0,443,1,-1.0,5,1,0,1,0,10.87
179,8,34.107.221.82,192.168.1.5,80,-1.0,1,-1.0,1,7,0,1,0,7.64
180,8,192.168.1.5,54.88.188.142,-1.0,443,1,-1.0,5,1,0,1,0,13.52
181,8,13.249.32.104,192.168.1.5,443,-1.0,1,-1.0,1,7,0,1,0,9.18
182,8,192.168.1.3,23.44.202.112,-1.0,443,1,-1.0,5,1,0,1,0,8.93
183,8,87.238.81.156,192.168.1.5,80,-1.0,1,-1.0,2,7,0,1,0,61.87
184,8,192.168.1.5,185.167.164.51,-1.0,443,1,-1.0,5,1,0,1,0,13.38
185,8,54.239.32.228,192.168.1.5,443,-1.0,1,-1.0,2,7,0,1,0,5.87
186,8,52.46.150.229,192.168.1.5,443,-1.0,1,-1.0,1,7,0,1,0,47.58
187,8,95.173.136.172,192.168.1.5,80,-1.0,1,-1.0,3,7,0,1,0,7.63
188,8,192.168.1.3,224.0.0.252,-1.0,5355,1,-2.0,5,7,0,1,0,7.33
189,7,13.68.114.46,192.168.1.5,443,-1.0,1,-1.0,1,7,0,1,0,7.48
190,7,23.105.175.6,192.168.1.5,443,-1.0,1,-1.0,1,7,0,1,0,14.59
191,7,192.168.1.5,172.217.7.163,-1.0,443,1,-1.0,5,7,0,1,0,14.79
192,7,192.168.1.5,23.105.175.6,-1.0,443,1,-1.0,5,1,0,1,0,14.79
193,7,172.217.2.98,192.168.1.5,443,-1.0,1,-1.0,5,7,0,1,0,9.14
194,7,192.168.1.3,192.168.1.255,137,137,1,-3.0,5,7,0,1,0,13.53
195,7,137.116.89.182,192.168.1.5,443,-1.0,1,-1.0,1,7,0,1,0,6.95
196,7,192.168.1.5,13.68.114.46,-1.0,443,1,-1.0,5,1,0,1,0,9.17
197,7,52.95.118.60,192.168.1.5,443,-1.0,1,-1.0,2,7,0,1,0,6.94
198,7,34.192.207.8,192.168.1.5,443,-1.0,1,-1.0,1,7,0,1,0,9.17
199,7,192.168.1.5,172.217.2.98,-1.0,443,1,-1.0,5,7,0,1,0,9.2
200,7,23.92.190.69,192.168.1.5,443,-1.0,1,-1.0,1,7,0,1,0,6.95
201,7,192.168.1.5,54.239.36.249,-1.0,443,1,-1.0,5,2,0,1,0,7.32
202,7,192.168.1.5,34.249.119.213,-1.0,443,1,-1.0,5,2,0,1,0,82.61
203,7,54.192.192.183,192.168.1.5,443,-1.0,1,-1.0,1,7,0,1,0,23.46
204,7,192.168.1.5,52.94.208.72,-1.0,443,1,-1.0,5,1,0,1,0,8.94
205,7,192.168.1.3,74.125.21.113,-1.0,443,1,-2.0,5,1,0,1,0,13.17
206,7,35.211.114.141,192.168.1.5,443,-1.0,1,-1.0,1,7,0,1,0,7.36
207,6,192.168.1.3,192.168.1.1,43102,49152,1,-1.0,5,7,0,1,0,9.15
208,6,192.168.1.3,192.168.1.1,43960,49152,1,-1.0,5,7,0,1,0,9.15
209,6,192.168.1.3,192.168.1.1,44021,49152,1,-1.0,5,7,0,1,0,9.15
210,6,192.168.1.3,192.168.1.1,43911,49152,1,-1.0,5,7,0,1,0,9.15
211,6,192.168.1.3,192.168.1.1,40884,49152,1,-1.0,5,7,0,1,0,9.15
212,6,192.168.1.3,192.168.1.1,42657,49152,1,-1.0,5,7,0,1,0,9.15
213,6,192.168.1.3,192.168.1.1,40417,49152,1,-1.0,5,7,0,1,0,9.15
214,6,192.168.1.3,192.168.1.1,42693,49152,1,-1.0,5,7,0,1,0,9.15
215,6,192.168.1.3,192.168.1.1,42705,49152,1,-1.0,5,7,0,1,0,9.15
216,6,192.168.1.3,192.168.1.1,42716,49152,1,-1.0,5,7,0,1,0,9.15
217,6,192.168.1.3,192.168.1.1,42742,49152,1,-1.0,5,7,0,1,0,9.15
218,6,192.168.1.3,192.168.1.1,42754,49152,1,-1.0,5,7,0,1,0,9.15
219,6,192.168.1.3,192.168.1.1,43015,49152,1,-1.0,5,7,0,1,0,9.15
220,6,192.168.1.3,192.168.1.1,43349,49152,1,-1.0,5,7,0,1,0,9.15
221,6,192.168.1.3,192.168.1.1,42767,49152,1,-1.0,5,7,0,1,0,9.15
222,6,192.168.1.3,192.168.1.1,42791,49152,1,-1.0,5,7,0,1,0,9.15
223,6,192.168.1.3,192.168.1.1,43235,49152,1,-1.0,5,7,0,1,0,9.15
224,6,192.168.1.3,192.168.1.1,42593,49152,1,-1.0,5,7,0,1,0,9.15
225,6,192.168.1.3,192.168.1.1,43162,49152,1,-1.0,5,7,0,1,0,9.15
226,6,192.168.1.3,192.168.1.1,43310,49152,1,-1.0,5,7,0,1,0,9.15
227,6,192.168.1.3,192.168.1.1,44010,49152,1,-1.0,5,7,0,1,0,9.15
228,6,192.168.1.3,192.168.1.1,43150,49152,1,-1.0,5,7,0,1,0,9.15
229,6,192.168.1.3,192.168.1.1,42828,49152,1,-1.0,5,7,0,1,0,9.15
230,6,192.168.1.3,192.168.1.1,41521,49152,1,-1.0,5,7,0,1,0,9.15
231,6,192.168.1.3,192.168.1.1,41018,49152,1,-1.0,5,7,0,1,0,9.15
232,6,192.168.1.3,192.168.1.1,42508,49152,1,-1.0,5,7,0,1,0,9.15
233,6,192.168.1.3,192.168.1.1,41545,49152,1,-1.0,5,7,0,1,0,9.15
234,6,192.168.1.3,192.168.1.1,41570,49152,1,-1.0,5,7,0,1,0,9.15
235,6,192.168.1.3,192.168.1.1,41425,49152,1,-1.0,5,7,0,1,0,9.15
236,6,192.168.1.3,192.168.1.1,41412,49152,1,-1.0,5,7,0,1,0,9.15
237,6,192.168.1.3,192.168.1.1,41726,49152,1,-1.0,5,7,0,1,0,9.15
238,6,192.168.1.3,192.168.1.1,43535,49152,1,-1.0,5,7,0,1,0,9.15
239,6,192.168.1.3,192.168.1.1,43523,49152,1,-1.0,5,7,0,1,0,9.15
240,6,192.168.1.3,192.168.1.1,41902,49152,1,-1.0,5,7,0,1,0,9.15
241,6,192.168.1.3,192.168.1.1,41375,49152,1,-1.0,5,7,0,1,0,9.15
242,6,192.168.1.3,192.168.1.1,43497,49152,1,-1.0,5,7,0,1,0,9.15
243,6,192.168.1.3,192.168.1.1,42025,49152,1,-1.0,5,7,0,1,0,9.15
244,6,192.168.1.3,192.168.1.1,42038,49152,1,-1.0,5,7,0,1,0,9.15
245,6,192.168.1.3,192.168.1.1,43590,49152,1,-1.0,5,7,0,1,0,9.15
246,6,192.168.1.3,192.168.1.1,42074,49152,1,-1.0,5,7,0,1,0,9.15
247,6,192.168.1.3,192.168.1.1,42086,49152,1,-1.0,5,7,0,1,0,9.15
248,6,192.168.1.3,192.168.1.1,42184,49152,1,-1.0,5,7,0,1,0,9.15
249,6,192.168.1.3,192.168.1.1,42271,49152,1,-1.0,5,7,0,1,0,9.15
250,6,192.168.1.3,192.168.1.1,41300,49152,1,-1.0,5,7,0,1,0,9.15
251,6,192.168.1.3,192.168.1.1,41276,49152,1,-1.0,5,7,0,1,0,9.15
252,6,192.168.1.3,8.251.132.254,-1.0,80,1,-1.0,5,1,0,1,0,9.36
253,6,192.168.1.3,192.168.1.1,42298,49152,1,-1.0,5,7,0,1,0,9.15
254,6,192.168.1.3,192.168.1.1,41102,49152,1,-1.0,5,7,0,1,0,9.15
255,6,192.168.1.3,192.168.1.1,42407,49152,1,-1.0,5,7,0,1,0,9.15
256,6,192.168.1.3,192.168.1.1,42455,49152,1,-1.0,5,7,0,1,0,9.15
257,6,192.168.1.3,192.168.1.1,42480,49152,1,-1.0,5,7,0,1,0,9.15
258,6,192.168.1.3,192.168.1.1,41090,49152,1,-1.0,5,7,0,1,0,9.15
259,6,192.168.1.3,192.168.1.1,41042,49152,1,-1.0,5,7,0,1,0,9.15
260,6,192.168.1.3,192.168.1.1,42557,49152,1,-1.0,5,7,0,1,0,9.15
261,6,192.168.1.3,192.168.1.1,40824,49152,1,-1.0,5,7,0,1,0,9.15
262,6,192.168.1.3,192.168.1.1,40404,49152,1,-1.0,5,7,0,1,0,9.15
263,6,52.95.114.193,192.168.1.5,443,-1.0,1,-1.0,2,7,0,1,0,8.56
264,6,192.168.1.3,192.168.1.1,39723,49152,1,-1.0,5,7,0,1,0,9.15
265,6,192.168.1.3,192.168.1.1,40316,49152,1,-1.0,5,7,0,1,0,9.15
266,6,192.168.1.3,192.168.1.1,40254,49152,1,-1.0,5,7,0,1,0,9.15
267,6,192.168.1.3,192.168.1.1,40242,49152,1,-1.0,5,7,0,1,0,9.15
268,6,192.168.1.5,172.217.8.2,-1.0,443,1,-1.0,5,7,0,1,0,11.48
269,6,192.168.1.3,192.168.1.1,39873,49152,1,-1.0,5,7,0,1,0,9.15
270,6,192.168.1.5,52.95.118.60,-1.0,443,1,-1.0,5,2,0,1,0,8.56
271,6,192.168.1.3,192.168.1.1,40364,49152,1,-1.0,5,7,0,1,0,9.15
272,6,192.168.1.5,52.95.114.193,-1.0,443,1,-1.0,5,2,0,1,0,8.56
273,6,192.168.1.5,34.192.186.28,-1.0,443,1,-1.0,5,1,0,1,0,25.27
274,6,192.168.1.5,54.239.32.228,-1.0,443,1,-1.0,5,2,0,1,0,10.93
275,6,54.240.249.126,192.168.1.5,443,-1.0,1,-1.0,1,7,0,1,0,8.56
276,6,192.168.1.3,192.168.1.1,40098,49152,1,-1.0,5,7,0,1,0,9.15
277,6,192.168.1.5,72.21.206.140,-1.0,443,1,-1.0,5,1,0,1,0,8.56
278,6,192.168.1.3,192.168.1.1,40352,49152,1,-1.0,5,7,0,1,0,9.15
279,6,192.168.1.3,192.168.1.1,40035,49152,1,-1.0,5,7,0,1,0,9.15
280,6,104.36.115.111,192.168.1.5,443,-1.0,1,-1.0,1,7,0,1,0,20.04
281,6,192.168.1.3,192.168.1.1,40391,49152,1,-1.0,5,7,0,1,0,9.15
282,6,172.217.7.163,192.168.1.5,443,-1.0,1,-1.0,5,7,0,1,0,17.64
283,6,54.88.188.142,192.168.1.5,443,-1.0,1,-1.0,1,7,0,1,0,18.82
284,5,192.168.1.3,192.168.1.1,42012,49152,1,-1.0,5,7,0,1,0,14.9
285,5,192.168.1.3,192.168.1.1,42779,49152,1,-1.0,5,7,0,1,0,14.9
286,5,192.168.1.5,8.28.7.81,-1.0,443,1,-1.0,5,1,0,1,0,14.8
287,5,192.168.1.3,192.168.1.1,42000,49152,1,-1.0,5,7,0,1,0,14.9
288,5,192.168.1.3,192.168.1.1,42729,49152,1,-1.0,5,7,0,1,0,14.9
289,5,192.168.1.3,192.168.1.1,42050,49152,1,-1.0,5,7,0,1,0,14.9
290,5,192.168.1.3,192.168.1.1,42816,49152,1,-1.0,5,7,0,1,0,14.9
291,5,192.168.1.3,192.168.1.1,42681,49152,1,-1.0,5,7,0,1,0,14.9
292,5,192.168.1.3,192.168.1.1,42669,49152,1,-1.0,5,7,0,1,0,14.9
293,5,192.168.1.3,192.168.1.1,39684,49152,1,-1.0,5,7,0,1,0,14.9
294,5,192.168.1.3,192.168.1.1,42643,49152,1,-1.0,5,7,0,1,0,14.9
295,5,192.168.1.3,192.168.1.1,42631,49152,1,-1.0,5,7,0,1,0,14.9
296,5,192.168.1.3,192.168.1.1,42619,49152,1,-1.0,5,7,0,1,0,14.9
297,5,192.168.1.3,192.168.1.1,42804,49152,1,-1.0,5,7,0,1,0,14.9
298,5,192.168.1.3,192.168.1.1,42147,49152,1,-1.0,5,7,0,1,0,14.9
299,5,192.168.1.3,192.168.1.1,42062,49152,1,-1.0,5,7,0,1,0,14.9
300,5,192.168.1.3,192.168.1.1,42841,49152,1,-1.0,5,7,0,1,0,14.9
301,5,192.168.1.3,192.168.1.1,42991,49152,1,-1.0,5,7,0,1,0,14.9
302,5,192.168.1.3,192.168.1.1,42979,49152,1,-1.0,5,7,0,1,0,14.9
303,5,192.168.1.3,192.168.1.1,39657,49152,1,-1.0,5,7,0,1,0,14.9
304,5,192.168.1.3,192.168.1.1,42966,49152,1,-1.0,5,7,0,1,0,14.9
305,5,192.168.1.3,192.168.1.1,42952,49152,1,-1.0,5,7,0,1,0,14.9
306,5,192.168.1.3,192.168.1.1,42940,49152,1,-1.0,5,7,0,1,0,14.9
307,5,192.168.1.3,192.168.1.1,42928,49152,1,-1.0,5,7,0,1,0,14.9
308,5,192.168.1.3,192.168.1.1,41975,49152,1,-1.0,5,7,0,1,0,14.9
309,5,192.168.1.3,192.168.1.1,42916,49152,1,-1.0,5,7,0,1,0,14.9
310,5,192.168.1.3,192.168.1.1,42904,49152,1,-1.0,5,7,0,1,0,14.9
311,5,192.168.1.3,192.168.1.1,42891,49152,1,-1.0,5,7,0,1,0,14.9
312,5,192.168.1.3,192.168.1.1,39761,49152,1,-1.0,5,7,0,1,0,14.9
313,5,192.168.1.3,192.168.1.1,42878,49152,1,-1.0,5,7,0,1,0,14.9
314,5,192.168.1.3,192.168.1.1,42865,49152,1,-1.0,5,7,0,1,0,14.9
315,5,192.168.1.3,192.168.1.1,42853,49152,1,-1.0,5,7,0,1,0,14.9
316,5,192.168.1.3,192.168.1.1,41988,49152,1,-1.0,5,7,0,1,0,14.9
317,5,192.168.1.3,192.168.1.1,42581,49152,1,-1.0,5,7,0,1,0,14.9
318,5,192.168.1.3,192.168.1.1,42607,49152,1,-1.0,5,7,0,1,0,14.9
319,5,192.168.1.3,192.168.1.1,42235,49152,1,-1.0,5,7,0,1,0,14.9
320,5,192.168.1.3,192.168.1.1,42110,49152,1,-1.0,5,7,0,1,0,14.9
321,5,192.168.1.3,192.168.1.1,42310,49152,1,-1.0,5,7,0,1,0,14.9
322,5,192.168.1.3,192.168.1.1,42286,49152,1,-1.0,5,7,0,1,0,14.9
323,5,192.168.1.3,192.168.1.1,42122,49152,1,-1.0,5,7,0,1,0,14.9
324,5,192.168.1.3,192.168.1.1,42259,49152,1,-1.0,5,7,0,1,0,14.9
325,5,192.168.1.3,192.168.1.1,42247,49152,1,-1.0,5,7,0,1,0,14.9
326,5,192.168.1.3,192.168.1.1,42223,49152,1,-1.0,5,7,0,1,0,14.9
327,5,192.168.1.3,192.168.1.1,42334,49152,1,-1.0,5,7,0,1,0,14.9
328,5,192.168.1.3,192.168.1.1,42211,49152,1,-1.0,5,7,0,1,0,14.9
329,5,192.168.1.3,192.168.1.1,42199,49152,1,-1.0,5,7,0,1,0,14.9
330,5,192.168.1.3,52.114.75.79,-1.0,443,1,-1.0,5,6,0,1,0,605.27
331,5,192.168.1.3,192.168.1.1,42134,49152,1,-1.0,5,7,0,1,0,14.9
332,5,192.168.1.3,192.168.1.1,40429,49152,1,-1.0,5,7,0,1,0,14.9
333,5,192.168.1.3,192.168.1.1,42159,49152,1,-1.0,5,7,0,1,0,14.9
334,5,192.168.1.3,192.168.1.1,42322,49152,1,-1.0,5,7,0,1,0,14.9
335,5,192.168.1.3,192.168.1.1,42346,49152,1,-1.0,5,7,0,1,0,14.9
336,5,192.168.1.3,192.168.1.1,42569,49152,1,-1.0,5,7,0,1,0,14.9
337,5,192.168.1.3,192.168.1.1,43003,49152,1,-1.0,5,7,0,1,0,14.9
338,5,192.168.1.3,192.168.1.1,42545,49152,1,-1.0,5,7,0,1,0,14.9
339,5,192.168.1.3,192.168.1.1,42533,49152,1,-1.0,5,7,0,1,0,14.9
340,5,192.168.1.3,192.168.1.1,42520,49152,1,-1.0,5,7,0,1,0,14.9
341,5,192.168.1.3,192.168.1.1,39709,49152,1,-1.0,5,7,0,1,0,14.9
342,5,192.168.1.3,192.168.1.1,42496,49152,1,-1.0,5,7,0,1,0,14.9
343,5,192.168.1.3,192.168.1.1,42467,49152,1,-1.0,5,7,0,1,0,14.9
344,5,192.168.1.3,192.168.1.1,42431,49152,1,-1.0,5,7,0,1,0,14.9
345,5,192.168.1.3,192.168.1.1,42358,49152,1,-1.0,5,7,0,1,0,14.9
346,5,192.168.1.3,192.168.1.1,42419,49152,1,-1.0,5,7,0,1,0,14.9
347,5,192.168.1.3,192.168.1.1,42394,49152,1,-1.0,5,7,0,1,0,14.9
348,5,192.168.1.3,192.168.1.1,42382,49152,1,-1.0,5,7,0,1,0,14.9
349,5,192.168.1.3,192.168.1.1,42370,49152,1,-1.0,5,7,0,1,0,14.9
350,5,192.168.1.3,192.168.1.1,42097,49152,1,-1.0,5,7,0,1,0,14.9
351,5,192.168.1.3,192.168.1.1,39749,49152,1,-1.0,5,7,0,1,0,14.9
352,5,192.168.1.3,192.168.1.1,42443,49152,1,-1.0,5,7,0,1,0,14.9
353,5,192.168.1.3,192.168.1.1,43077,49152,1,-1.0,5,7,0,1,0,14.9
354,5,192.35.249.120,192.168.1.5,443,-1.0,1,-1.0,5,7,0,1,0,14.73
355,5,192.168.1.3,192.168.1.1,43676,49152,1,-1.0,5,7,0,1,0,14.9
356,5,192.168.1.3,192.168.1.1,43747,49152,1,-1.0,5,7,0,1,0,14.9
357,5,192.168.1.3,192.168.1.1,43735,49152,1,-1.0,5,7,0,1,0,14.9
358,5,192.168.1.3,192.168.1.1,43723,49152,1,-1.0,5,7,0,1,0,14.9
359,5,192.168.1.3,192.168.1.1,43712,49152,1,-1.0,5,7,0,1,0,14.9
360,5,192.168.1.3,192.168.1.1,43700,49152,1,-1.0,5,7,0,1,0,14.9
361,5,192.168.1.3,192.168.1.1,43688,49152,1,-1.0,5,7,0,1,0,14.9
362,5,192.168.1.5,52.22.113.48,-1.0,443,1,-1.0,5,1,0,1,0,33.02
363,5,192.168.1.3,192.168.1.1,43664,49152,1,-1.0,5,7,0,1,0,14.9
364,5,192.168.1.3,192.168.1.1,43547,49152,1,-1.0,5,7,0,1,0,14.9
365,5,192.168.1.3,192.168.1.1,43652,49152,1,-1.0,5,7,0,1,0,14.9
366,5,192.168.1.3,192.168.1.1,43640,49152,1,-1.0,5,7,0,1,0,14.9
367,5,192.168.1.3,192.168.1.1,43628,49152,1,-1.0,5,7,0,1,0,14.9
368,5,192.168.1.3,192.168.1.1,43615,49152,1,-1.0,5,7,0,1,0,14.9
369,5,192.168.1.3,192.168.1.1,43602,49152,1,-1.0,5,7,0,1,0,14.9
370,5,192.168.1.3,192.168.1.1,43576,49152,1,-1.0,5,7,0,1,0,14.9
371,5,192.168.1.5,137.116.89.182,-1.0,443,1,-1.0,5,1,0,1,0,15.63
372,5,192.168.1.3,192.168.1.1,43760,49152,1,-1.0,5,7,0,1,0,14.9
373,5,192.168.1.3,192.168.1.1,43772,49152,1,-1.0,5,7,0,1,0,14.9
374,5,192.168.1.3,192.168.1.1,43784,49152,1,-1.0,5,7,0,1,0,14.9
375,5,192.168.1.3,192.168.1.1,43796,49152,1,-1.0,5,7,0,1,0,14.9
376,5,192.168.1.3,192.168.1.1,43997,49152,1,-1.0,5,7,0,1,0,14.9
377,5,192.168.1.3,192.168.1.1,43985,49152,1,-1.0,5,7,0,1,0,14.9
378,5,192.168.1.3,192.168.1.1,43973,49152,1,-1.0,5,7,0,1,0,14.9
379,5,104.16.68.69,192.168.1.5,443,-1.0,1,-1.0,1,7,0,1,0,19.33
380,5,192.168.1.3,192.168.1.1,43948,49152,1,-1.0,5,7,0,1,0,14.9
381,5,192.168.1.3,192.168.1.1,43936,49152,1,-1.0,5,7,0,1,0,14.9
382,5,192.168.1.3,192.168.1.1,43924,49152,1,-1.0,5,7,0,1,0,14.9
383,5,192.168.1.3,192.168.1.1,43898,49152,1,-1.0,5,7,0,1,0,14.9
384,5,192.168.1.3,192.168.1.1,43886,49152,1,-1.0,5,7,0,1,0,14.9
385,5,192.168.1.3,192.168.1.1,43874,49152,1,-1.0,5,7,0,1,0,14.9
386,5,192.168.1.3,192.168.1.1,43862,49152,1,-1.0,5,7,0,1,0,14.9
387,5,192.168.1.3,192.168.1.1,43850,49152,1,-1.0,5,7,0,1,0,14.9
388,5,192.168.1.3,192.168.1.1,43832,49152,1,-1.0,5,7,0,1,0,14.9
389,5,192.168.1.3,192.168.1.1,43820,49152,1,-1.0,5,7,0,1,0,14.9
390,5,192.168.1.3,192.168.1.1,43808,49152,1,-1.0,5,7,0,1,0,14.9
391,5,192.168.1.3,192.168.1.1,43563,49152,1,-1.0,5,7,0,1,0,14.9
392,5,172.217.8.2,192.168.1.5,443,-1.0,1,-1.0,5,7,0,1,0,15.36
393,5,192.168.1.3,192.168.1.1,43028,49152,1,-1.0,5,7,0,1,0,14.9
394,5,192.168.1.3,192.168.1.1,43174,49152,1,-1.0,5,7,0,1,0,14.9
395,5,192.168.1.3,192.168.1.1,43271,49152,1,-1.0,5,7,0,1,0,14.9
396,5,192.168.1.3,192.168.1.1,43259,49152,1,-1.0,5,7,0,1,0,14.9
397,5,192.168.1.3,192.168.1.1,43247,49152,1,-1.0,5,7,0,1,0,14.9
398,5,192.168.1.3,192.168.1.1,43223,49152,1,-1.0,5,7,0,1,0,14.9
399,5,192.168.1.3,192.168.1.1,43210,49152,1,-1.0,5,7,0,1,0,14.9
400,5,192.168.1.3,192.168.1.1,43198,49152,1,-1.0,5,7,0,1,0,14.9
401,5,192.168.1.3,192.168.1.1,43186,49152,1,-1.0,5,7,0,1,0,14.9
402,5,192.168.1.3,192.168.1.1,43138,49152,1,-1.0,5,7,0,1,0,14.9
403,5,192.168.1.3,192.168.1.1,43509,49152,1,-1.0,5,7,0,1,0,14.9
404,5,192.168.1.3,192.168.1.1,43126,49152,1,-1.0,5,7,0,1,0,14.9
405,5,192.168.1.3,192.168.1.1,43114,49152,1,-1.0,5,7,0,1,0,14.9
406,5,192.168.1.3,192.168.1.1,43090,49152,1,-1.0,5,7,0,1,0,14.9
407,5,192.168.1.3,192.168.1.1,41951,49152,1,-1.0,5,7,0,1,0,14.9
408,5,192.168.1.3,192.168.1.1,43065,49152,1,-1.0,5,7,0,1,0,14.9
409,5,192.168.1.3,192.168.1.1,43053,49152,1,-1.0,5,7,0,1,0,14.9
410,5,192.168.1.3,192.168.1.1,43041,49152,1,-1.0,5,7,0,1,0,14.9
411,5,72.21.206.140,192.168.1.5,443,-1.0,1,-1.0,1,7,0,1,0,104.15
412,5,192.168.1.3,192.168.1.1,43286,49152,1,-1.0,5,7,0,1,0,14.9
413,5,192.168.1.3,192.168.1.1,43298,49152,1,-1.0,5,7,0,1,0,14.9
414,5,192.168.1.3,192.168.1.1,43322,49152,1,-1.0,5,7,0,1,0,14.9
415,5,192.168.1.5,23.92.190.69,-1.0,443,1,-1.0,5,1,0,1,0,15.13
416,5,192.168.1.3,192.168.1.1,43484,49152,1,-1.0,5,7,0,1,0,14.9
417,5,192.168.1.3,192.168.1.1,43472,49152,1,-1.0,5,7,0,1,0,14.9
418,5,192.168.1.3,192.168.1.1,43460,49152,1,-1.0,5,7,0,1,0,14.9
419,5,192.168.1.3,192.168.1.1,43448,49152,1,-1.0,5,7,0,1,0,14.9
420,5,192.168.1.3,192.168.1.1,43436,49152,1,-1.0,5,7,0,1,0,14.9
421,5,192.168.1.3,192.168.1.1,43424,49152,1,-1.0,5,7,0,1,0,14.9
422,5,199.127.204.100,192.168.1.5,443,-1.0,1,-1.0,1,7,0,1,0,14.73
423,5,192.168.1.3,192.168.1.1,43411,49152,1,-1.0,5,7,0,1,0,14.9
424,5,192.168.1.3,192.168.1.1,43399,49152,1,-1.0,5,7,0,1,0,14.9
425,5,192.168.1.3,192.168.1.1,39631,49152,1,-1.0,5,7,0,1,0,14.9
426,5,192.168.1.3,192.168.1.1,43386,49152,1,-1.0,5,7,0,1,0,14.9
427,5,192.168.1.3,192.168.1.1,43373,49152,1,-1.0,5,7,0,1,0,14.9
428,5,192.168.1.3,192.168.1.1,43362,49152,1,-1.0,5,7,0,1,0,14.9
429,5,192.168.1.3,192.168.1.1,43334,49152,1,-1.0,5,7,0,1,0,14.9
430,5,192.168.1.3,192.168.1.1,41963,49152,1,-1.0,5,7,0,1,0,14.9
431,5,192.168.1.3,192.168.1.1,42171,49152,1,-1.0,5,7,0,1,0,14.9
432,5,192.168.1.3,192.168.1.1,41939,49152,1,-1.0,5,7,0,1,0,14.9
433,5,192.168.1.3,192.168.1.1,40073,49152,1,-1.0,5,7,0,1,0,14.9
434,5,192.168.1.3,192.168.1.1,40086,49152,1,-1.0,5,7,0,1,0,14.9
435,5,192.168.1.3,192.168.1.1,41006,49152,1,-1.0,5,7,0,1,0,14.9
436,5,192.168.1.3,192.168.1.1,40994,49152,1,-1.0,5,7,0,1,0,14.9
437,5,192.168.1.3,192.168.1.1,40110,49152,1,-1.0,5,7,0,1,0,14.9
438,5,192.168.1.3,192.168.1.1,40982,49152,1,-1.0,5,7,0,1,0,14.9
439,5,192.168.1.3,192.168.1.1,40970,49152,1,-1.0,5,7,0,1,0,14.9
440,5,192.168.1.3,192.168.1.1,40958,49152,1,-1.0,5,7,0,1,0,14.9
441,5,192.168.1.3,192.168.1.1,40946,49152,1,-1.0,5,7,0,1,0,14.9
442,5,192.168.1.3,192.168.1.1,40933,49152,1,-1.0,5,7,0,1,0,14.9
443,5,192.168.1.3,192.168.1.1,40921,49152,1,-1.0,5,7,0,1,0,14.9
444,5,192.168.1.3,192.168.1.1,40122,49152,1,-1.0,5,7,0,1,0,14.9
445,5,192.168.1.3,192.168.1.1,40909,49152,1,-1.0,5,7,0,1,0,14.9
446,5,192.168.1.3,192.168.1.1,40134,49152,1,-1.0,5,7,0,1,0,14.9
447,5,192.168.1.3,192.168.1.1,40896,49152,1,-1.0,5,7,0,1,0,14.9
448,5,192.168.1.3,192.168.1.1,40145,49152,1,-1.0,5,7,0,1,0,14.9
449,5,192.168.1.3,192.168.1.1,40872,49152,1,-1.0,5,7,0,1,0,14.9
450,5,192.168.1.3,192.168.1.1,40860,49152,1,-1.0,5,7,0,1,0,14.9
451,5,192.168.1.3,192.168.1.1,40848,49152,1,-1.0,5,7,0,1,0,14.9
452,5,192.168.1.3,192.168.1.1,40836,49152,1,-1.0,5,7,0,1,0,14.9
453,5,192.168.1.3,192.168.1.1,41030,49152,1,-1.0,5,7,0,1,0,14.9
454,5,192.168.1.3,192.168.1.1,41054,49152,1,-1.0,5,7,0,1,0,14.9
455,5,192.168.1.3,192.168.1.1,41313,49152,1,-1.0,5,7,0,1,0,14.9
456,5,192.168.1.3,192.168.1.1,41066,49152,1,-1.0,5,7,0,1,0,14.9
457,5,192.168.1.3,192.168.1.1,41288,49152,1,-1.0,5,7,0,1,0,14.9
458,5,192.168.1.3,192.168.1.1,40010,49152,1,-1.0,5,7,0,1,0,14.9
459,5,192.168.1.3,192.168.1.1,41264,49152,1,-1.0,5,7,0,1,0,14.9
460,5,192.168.1.3,192.168.1.1,41252,49152,1,-1.0,5,7,0,1,0,14.9
461,5,192.168.1.3,192.168.1.1,41238,49152,1,-1.0,5,7,0,1,0,14.9
462,5,192.168.1.3,192.168.1.1,41226,49152,1,-1.0,5,7,0,1,0,14.9
463,5,192.168.1.3,192.168.1.1,41214,49152,1,-1.0,5,7,0,1,0,14.9
464,5,192.168.1.3,192.168.1.1,40022,49152,1,-1.0,5,7,0,1,0,14.9
465,5,192.168.1.3,192.168.1.1,41201,49152,1,-1.0,5,7,0,1,0,14.9
466,5,192.168.1.3,192.168.1.1,41189,49152,1,-1.0,5,7,0,1,0,14.9
467,5,192.168.1.3,192.168.1.1,41927,49152,1,-1.0,5,7,0,1,0,14.9
468,5,192.168.1.3,192.168.1.1,41164,49152,1,-1.0,5,7,0,1,0,14.9
469,5,192.168.1.3,192.168.1.1,41151,49152,1,-1.0,5,7,0,1,0,14.9
470,5,192.168.1.3,192.168.1.1,41139,49152,1,-1.0,5,7,0,1,0,14.9
471,5,192.168.1.3,192.168.1.1,41125,49152,1,-1.0,5,7,0,1,0,14.9
472,5,192.168.1.3,192.168.1.1,41114,49152,1,-1.0,5,7,0,1,0,14.9
473,5,192.168.1.3,192.168.1.1,40047,49152,1,-1.0,5,7,0,1,0,14.9
474,5,192.168.1.3,192.168.1.1,40061,49152,1,-1.0,5,7,0,1,0,14.9
475,5,192.168.1.3,192.168.1.1,41078,49152,1,-1.0,5,7,0,1,0,14.9
476,5,192.168.1.3,192.168.1.1,40157,49152,1,-1.0,5,7,0,1,0,14.9
477,5,192.168.1.3,192.168.1.1,40811,49152,1,-1.0,5,7,0,1,0,14.9
478,5,192.168.1.3,192.168.1.1,40799,49152,1,-1.0,5,7,0,1,0,14.9
479,5,192.168.1.3,192.168.1.1,40788,49152,1,-1.0,5,7,0,1,0,14.9
480,5,192.168.1.3,192.168.1.1,40340,49152,1,-1.0,5,7,0,1,0,14.9
481,5,192.168.1.3,192.168.1.1,40636,49152,1,-1.0,5,7,0,1,0,14.9
482,5,192.168.1.3,192.168.1.1,40623,49152,1,-1.0,5,7,0,1,0,14.9
483,5,192.168.1.3,192.168.1.1,40611,49152,1,-1.0,5,7,0,1,0,14.9
484,5,192.168.1.3,192.168.1.1,40599,49152,1,-1.0,5,7,0,1,0,14.9
485,5,192.168.1.3,192.168.1.1,40587,49152,1,-1.0,5,7,0,1,0,14.9
486,5,192.168.1.3,192.168.1.1,40575,49152,1,-1.0,5,7,0,1,0,14.9
487,5,192.168.1.3,192.168.1.1,40563,49152,1,-1.0,5,7,0,1,0,14.9
488,5,192.168.1.3,192.168.1.1,40379,49152,1,-1.0,5,7,0,1,0,14.9
489,5,192.168.1.3,192.168.1.1,40551,49152,1,-1.0,5,7,0,1,0,14.9
490,5,192.168.1.3,192.168.1.1,40539,49152,1,-1.0,5,7,0,1,0,14.9
491,5,192.168.1.3,192.168.1.1,40527,49152,1,-1.0,5,7,0,1,0,14.9
492,5,192.168.1.3,192.168.1.1,40515,49152,1,-1.0,5,7,0,1,0,14.9
493,5,192.168.1.3,192.168.1.1,40503,49152,1,-1.0,5,7,0,1,0,14.9
494,5,192.168.1.3,192.168.1.1,40491,49152,1,-1.0,5,7,0,1,0,14.9
495,5,192.168.1.3,192.168.1.1,40478,49152,1,-1.0,5,7,0,1,0,14.9
496,5,192.168.1.3,192.168.1.1,40467,49152,1,-1.0,5,7,0,1,0,14.9
497,5,192.168.1.3,192.168.1.1,40453,49152,1,-1.0,5,7,0,1,0,14.9
498,5,192.168.1.3,192.168.1.1,40441,49152,1,-1.0,5,7,0,1,0,14.9
499,5,192.168.1.3,192.168.1.1,40649,49152,1,-1.0,5,7,0,1,0,14.9
500,5,192.168.1.3,192.168.1.1,40661,49152,1,-1.0,5,7,0,1,0,14.9
501,5,192.168.1.3,192.168.1.1,40674,49152,1,-1.0,5,7,0,1,0,14.9
502,5,192.168.1.3,192.168.1.1,40748,49152,1,-1.0,5,7,0,1,0,14.9
503,5,192.168.1.3,192.168.1.1,40774,49152,1,-1.0,5,7,0,1,0,14.9
504,5,192.168.1.3,192.168.1.1,40169,49152,1,-1.0,5,7,0,1,0,14.9
505,5,192.168.1.3,192.168.1.1,40181,49152,1,-1.0,5,7,0,1,0,14.9
506,5,192.168.1.5,95.173.136.171,-1.0,80,1,-1.0,5,3,0,1,0,14.8
507,5,192.168.1.3,192.168.1.1,40193,49152,1,-1.0,5,7,0,1,0,14.9
508,5,192.168.1.3,192.168.1.1,40206,49152,1,-1.0,5,7,0,1,0,14.9
509,5,192.168.1.3,192.168.1.1,40218,49152,1,-1.0,5,7,0,1,0,14.9
510,5,192.168.1.3,192.168.1.1,40230,49152,1,-1.0,5,7,0,1,0,14.9
511,5,192.168.1.5,52.26.249.11,-1.0,443,1,-1.0,5,1,0,1,0,18.08
512,5,192.168.1.3,192.168.1.1,40687,49152,1,-1.0,5,7,0,1,0,14.9
513,5,192.168.1.3,192.168.1.1,40267,49152,1,-1.0,5,7,0,1,0,14.9
514,5,192.168.1.3,192.168.1.1,40280,49152,1,-1.0,5,7,0,1,0,14.9
515,5,192.168.1.3,192.168.1.1,40292,49152,1,-1.0,5,7,0,1,0,14.9
516,5,192.168.1.3,192.168.1.1,40304,49152,1,-1.0,5,7,0,1,0,14.9
517,5,192.168.1.3,192.168.1.1,40328,49152,1,-1.0,5,7,0,1,0,14.9
518,5,192.168.1.3,192.168.1.1,40724,49152,1,-1.0,5,7,0,1,0,14.9
519,5,192.168.1.3,192.168.1.1,40711,49152,1,-1.0,5,7,0,1,0,14.9
520,5,192.168.1.3,192.168.1.1,40699,49152,1,-1.0,5,7,0,1,0,14.9
521,5,192.168.1.3,192.168.1.1,39998,49152,1,-1.0,5,7,0,1,0,14.9
522,5,192.168.1.3,192.168.1.1,41176,49152,1,-1.0,5,7,0,1,0,14.9
523,5,192.168.1.3,192.168.1.1,44033,49152,1,-1.0,5,7,0,1,0,14.9
524,5,192.168.1.3,192.168.1.1,41703,49152,1,-1.0,5,7,0,1,0,14.9
525,5,192.168.1.3,192.168.1.1,41485,49152,1,-1.0,5,7,0,1,0,14.9
526,5,192.168.1.3,192.168.1.1,41497,49152,1,-1.0,5,7,0,1,0,14.9
527,5,192.168.1.3,192.168.1.1,41594,49152,1,-1.0,5,7,0,1,0,14.9
528,5,192.168.1.3,192.168.1.1,41799,49152,1,-1.0,5,7,0,1,0,14.9
529,5,192.168.1.3,192.168.1.1,41509,49152,1,-1.0,5,7,0,1,0,14.9
530,5,192.168.1.3,192.168.1.1,41787,49152,1,-1.0,5,7,0,1,0,14.9
531,5,192.168.1.3,192.168.1.1,39849,49152,1,-1.0,5,7,0,1,0,14.9
532,5,192.168.1.3,192.168.1.1,41774,49152,1,-1.0,5,7,0,1,0,14.9
533,5,192.168.1.3,192.168.1.1,41762,49152,1,-1.0,5,7,0,1,0,14.9
534,5,192.168.1.3,192.168.1.1,41750,49152,1,-1.0,5,7,0,1,0,14.9
535,5,192.168.1.3,192.168.1.1,41738,49152,1,-1.0,5,7,0,1,0,14.9
536,5,192.168.1.3,192.168.1.1,39786,49152,1,-1.0,5,7,0,1,0,14.9
537,5,192.168.1.3,192.168.1.1,39801,49152,1,-1.0,5,7,0,1,0,14.9
538,5,192.168.1.3,192.168.1.1,41715,49152,1,-1.0,5,7,0,1,0,14.9
539,5,192.168.1.3,192.168.1.1,41691,49152,1,-1.0,5,7,0,1,0,14.9
540,5,192.168.1.3,192.168.1.1,41823,49152,1,-1.0,5,7,0,1,0,14.9
541,5,192.168.1.3,192.168.1.1,41678,49152,1,-1.0,5,7,0,1,0,14.9
542,5,192.168.1.3,192.168.1.1,41666,49152,1,-1.0,5,7,0,1,0,14.9
543,5,192.168.1.3,192.168.1.1,39837,49152,1,-1.0,5,7,0,1,0,14.9
544,5,192.168.1.3,192.168.1.1,41654,49152,1,-1.0,5,7,0,1,0,14.9
545,5,192.168.1.3,192.168.1.1,41533,49152,1,-1.0,5,7,0,1,0,14.9
546,5,192.168.1.3,192.168.1.1,39825,49152,1,-1.0,5,7,0,1,0,14.9
547,5,192.168.1.3,192.168.1.1,41642,49152,1,-1.0,5,7,0,1,0,14.9
548,5,192.168.1.3,192.168.1.1,41325,49152,1,-1.0,5,7,0,1,0,14.9
549,5,192.168.1.3,104.84.231.99,-1.0,80,1,-1.0,5,1,0,1,0,12.8
550,5,192.168.1.3,192.168.1.1,41630,49152,1,-1.0,5,7,0,1,0,14.9
551,5,192.168.1.3,192.168.1.1,41558,49152,1,-1.0,5,7,0,1,0,14.9
552,5,192.168.1.3,192.168.1.1,39813,49152,1,-1.0,5,7,0,1,0,14.9
553,5,192.168.1.3,192.168.1.1,41582,49152,1,-1.0,5,7,0,1,0,14.9
554,5,192.168.1.3,192.168.1.1,41618,49152,1,-1.0,5,7,0,1,0,14.9
555,5,192.168.1.3,192.168.1.1,41811,49152,1,-1.0,5,7,0,1,0,14.9
556,5,192.168.1.3,192.168.1.1,39861,49152,1,-1.0,5,7,0,1,0,14.9
557,5,192.168.1.3,192.168.1.1,41835,49152,1,-1.0,5,7,0,1,0,14.9
558,5,192.168.1.3,192.168.1.1,41876,49152,1,-1.0,5,7,0,1,0,14.9
559,5,192.168.1.3,192.168.1.1,39984,49152,1,-1.0,5,7,0,1,0,14.9
560,5,192.168.1.3,192.168.1.1,41338,49152,1,-1.0,5,7,0,1,0,14.9
561,5,192.168.1.3,192.168.1.1,39971,49152,1,-1.0,5,7,0,1,0,14.9
562,5,192.168.1.3,192.168.1.1,41350,49152,1,-1.0,5,7,0,1,0,14.9
563,5,192.168.1.3,192.168.1.1,41914,49152,1,-1.0,5,7,0,1,0,14.9
564,5,192.168.1.3,192.168.1.1,41362,49152,1,-1.0,5,7,0,1,0,14.9
565,5,192.168.1.3,192.168.1.1,39959,49152,1,-1.0,5,7,0,1,0,14.9
566,5,192.168.1.3,192.168.1.1,41890,49152,1,-1.0,5,7,0,1,0,14.9
567,5,192.168.1.3,192.168.1.1,41848,49152,1,-1.0,5,7,0,1,0,14.9
568,5,192.168.1.3,192.168.1.1,39934,49152,1,-1.0,5,7,0,1,0,14.9
569,5,192.168.1.3,192.168.1.1,41387,49152,1,-1.0,5,7,0,1,0,14.9
570,5,192.168.1.3,192.168.1.1,39922,49152,1,-1.0,5,7,0,1,0,14.9
571,5,192.168.1.3,192.168.1.1,41400,49152,1,-1.0,5,7,0,1,0,14.9
572,5,192.168.1.3,192.168.1.1,39947,49152,1,-1.0,5,7,0,1,0,14.9
573,5,192.168.1.3,192.168.1.1,39910,49152,1,-1.0,5,7,0,1,0,14.9
574,5,192.168.1.3,192.168.1.1,39885,49152,1,-1.0,5,7,0,1,0,14.9
575,5,192.168.1.3,192.168.1.1,41473,49152,1,-1.0,5,7,0,1,0,14.9
576,5,192.168.1.3,192.168.1.1,41461,49152,1,-1.0,5,7,0,1,0,14.9
577,5,192.168.1.3,192.168.1.1,39774,49152,1,-1.0,5,7,0,1,0,14.9
578,5,192.168.1.3,192.168.1.1,41449,49152,1,-1.0,5,7,0,1,0,14.9
579,5,192.168.1.3,192.168.1.1,41606,49152,1,-1.0,5,7,0,1,0,14.9
580,5,192.168.1.3,192.168.1.1,39898,49152,1,-1.0,5,7,0,1,0,14.9
581,5,192.168.1.3,192.168.1.1,41862,49152,1,-1.0,5,7,0,1,0,14.9
582,5,192.168.1.3,192.168.1.1,41436,49152,1,-1.0,5,7,0,1,0,14.9
583,4,192.168.1.5,54.192.192.183,-1.0,443,1,-1.0,5,1,0,1,0,33.04
584,4,192.168.1.5,172.217.9.195,-1.0,443,1,-1.0,5,7,0,1,0,33.04
585,4,192.168.1.5,104.70.71.52,-1.0,443,1,-1.0,5,1,0,1,0,26.17
586,4,52.22.113.48,192.168.1.5,443,-1.0,1,-1.0,1,7,0,1,0,59.33
587,4,192.168.1.5,199.127.204.100,-1.0,443,1,-1.0,5,1,0,1,0,24.25
588,4,192.168.1.5,172.217.13.227,-1.0,443,1,-1.0,5,7,0,1,0,24.29
589,4,192.168.1.5,35.244.159.8,-1.0,443,1,-1.0,5,1,0,1,0,61.5
590,4,172.217.13.227,192.168.1.5,443,-1.0,1,-1.0,5,7,0,1,0,22.67
591,4,192.168.1.5,52.10.109.102,-1.0,443,1,-1.0,5,1,0,1,0,76.25
592,4,99.84.221.62,192.168.1.5,443,-1.0,1,-1.0,1,7,0,1,0,22.17
593,4,34.249.119.213,192.168.1.5,443,-1.0,1,-1.0,2,7,0,1,0,38.92
594,3,35.244.159.8,192.168.1.5,443,-1.0,1,-1.0,1,7,0,1,0,47.67
595,3,192.168.1.5,52.25.31.211,-1.0,443,1,-1.0,5,1,0,1,0,52.17
596,3,192.168.1.5,107.178.246.49,-1.0,443,1,-1.0,5,1,0,1,0,45.17
597,3,192.168.1.7,192.168.1.3,,,2,,5,7,0,1,0,0.0
598,3,192.168.1.5,99.84.221.62,-1.0,443,1,-1.0,5,1,0,1,0,38.67
599,3,8.28.7.81,192.168.1.5,443,-1.0,1,-1.0,1,7,0,1,0,79.5
600,3,54.192.76.212,192.168.1.5,443,-1.0,1,-1.0,4,7,0,1,0,47.67
601,3,74.119.119.149,192.168.1.5,443,-1.0,1,-1.0,1,7,0,1,0,49.0
602,3,192.168.1.5,107.20.240.184,-1.0,443,1,-1.0,5,1,0,1,0,34.67
603,3,3.222.236.219,192.168.1.5,443,-1.0,1,-1.0,1,7,0,1,0,34.67
604,3,192.168.1.5,54.81.60.45,-1.0,443,1,-1.0,5,1,0,1,0,82.83
605,3,192.168.1.5,54.192.76.212,-1.0,443,1,-1.0,5,5,0,1,0,54.17
606,3,192.168.1.3,192.168.1.7,,,2,,5,7,0,1,0,0.0
607,3,95.173.136.171,192.168.1.5,80,-1.0,1,-1.0,3,7,0,1,0,37.33
608,3,63.241.108.104,192.168.1.5,443,-1.0,1,-1.0,1,7,0,1,0,436.17
609,2,172.217.9.195,192.168.1.5,443,-1.0,1,-1.0,5,7,0,1,0,71.5
610,2,18.181.136.244,192.168.1.5,443,-1.0,1,-1.0,1,7,0,1,0,181.0
611,2,192.168.1.5,52.46.135.211,-1.0,443,1,-1.0,5,1,0,1,0,40.0
612,2,199.127.204.147,192.168.1.5,443,-1.0,1,-1.0,1,7,0,1,0,40.0
613,2,192.168.1.3,192.168.1.1,39696,49152,1,-1.0,5,7,0,1,0,46.0
614,2,54.81.60.45,192.168.1.5,443,-1.0,1,-1.0,1,7,0,1,0,815.0
615,2,8.43.72.41,192.168.1.5,443,-1.0,1,-1.0,1,7,0,1,0,40.0
616,2,192.168.1.5,8.43.72.41,-1.0,443,1,-1.0,5,1,0,1,0,55.5
617,2,192.168.1.7,224.0.0.251,5353,5353,1,-2.0,5,7,0,1,0,883.0
618,2,192.168.1.5,54.192.76.212,-1.0,80,1,-1.0,5,5,0,1,0,52.0
619,2,192.168.1.5,3.222.236.219,-1.0,443,1,-1.0,5,1,0,1,0,52.0
620,2,192.168.1.5,63.241.108.104,-1.0,443,1,-1.0,5,1,0,1,0,52.0
621,2,142.250.73.226,192.168.1.5,443,-1.0,1,-1.0,1,7,0,1,0,71.5
622,2,192.168.1.5,142.250.73.226,-1.0,443,1,-1.0,5,1,0,1,0,91.0
623,2,192.168.1.5,18.181.136.244,-1.0,443,1,-1.0,5,1,0,1,0,98.0
624,2,52.25.31.211,192.168.1.5,443,-1.0,1,-1.0,1,7,0,1,0,67.5
625,2,34.195.233.1,192.168.1.5,443,-1.0,1,-1.0,1,7,0,1,0,56.0
626,1,192.168.1.5,224.0.0.251,5353,5353,1,-2.0,5,7,0,1,0,67.0
627,1,192.168.1.5,34.237.161.69,-1.0,443,1,-1.0,5,1,0,1,0,98.0
628,1,192.168.1.5,147.75.39.192,-1.0,443,1,-1.0,5,1,0,1,0,98.0
629,1,192.168.1.3,192.168.1.1,,,2,,5,7,0,1,0,0.0
630,1,54.192.76.212,192.168.1.5,80,-1.0,1,-1.0,4,7,0,1,0,52.0
631,1,192.168.1.3,13.107.18.11,,,1,-4.0,5,1,0,1,0,30.0
632,1,192.168.1.5,34.195.233.1,-1.0,443,1,-1.0,5,1,0,1,0,98.0
633,1,192.168.1.5,3.92.230.97,-1.0,443,1,-1.0,5,1,0,1,0,98.0
634,1,192.168.1.3,192.168.1.1,39645,49152,1,-1.0,5,7,0,1,0,52.0
635,1,52.46.135.211,192.168.1.5,443,-1.0,1,-1.0,1,7,0,1,0,40.0
636,1,107.20.240.184,192.168.1.5,443,-1.0,1,-1.0,1,7,0,1,0,52.0
637,1,52.10.109.102,192.168.1.5,443,-1.0,1,-1.0,1,7,0,1,0,98.0
638,1,192.168.1.3,40.97.28.114,,,1,-4.0,5,1,0,1,0,30.0
639,1,192.168.1.3,52.98.94.210,,,1,-4.0,5,4,0,1,0,30.0
640,1,3.92.230.97,192.168.1.5,443,-1.0,1,-1.0,1,7,0,1,0,1500.0
641,1,52.26.249.11,192.168.1.5,443,-1.0,1,-1.0,1,7,0,1,0,251.0
642,1,192.168.1.5,184.29.129.73,-1.0,443,1,-1.0,5,1,0,1,0,60.0
643,1,192.168.1.3,192.168.1.1,40761,49152,1,-1.0,5,7,0,1,0,52.0
644,1,54.239.39.102,192.168.1.5,80,-1.0,1,-1.0,2,7,0,1,0,40.0
